fiscal_year,equity_inflow_usd_mn,total_fdi_inflow_usd_mn
2000-01,2463,4029
2001-02,4065,6130
2002-03,2705,5035
2003-04,2188,4322
2004-05,3219,6051
2005-06,5540,8961
2006-07,12492,22826
2007-08,24575,34843
2008-09,31396,41873
2009-10,25834,37745
2010-11,21383,34847
2011-12,35121,46556
2012-13,22423,34298
2013-14,24299,36046
2014-15,29737,45148
2015-16,40001,55559
2016-17,43478,60220
2017-18,44857,60974
2018-19,44366,62001
2019-20,49977,74391
2020-21,59636,81973
2021-22,58773,84835
2022-23,46034,71355
2023-24,44423,71279
2024-25,50018,80615
2025-26,58850,94840
