year,sector,change
1991,All industries,New Industrial Policy allows automatic approval of foreign ownership up to 51% in 34 priority industries
2000,All industries,The automatic route becomes the default; only a short negative list needs approval
2000,Insurance,Opened to foreign investment at 26%
2006,Single-brand retail,Opened at 51%
2012,Retail,Single-brand retail raised to 100%; multi-brand retail opened at 51% with government approval
2013,Telecom,Raised to 100% (49% automatic)
2014,Defence,Raised from 26% to 49%
2014,Railway infrastructure,Opened to 100% automatic
2015,Insurance,Raised from 26% to 49%
2016,"Defence, aviation, e-commerce",Defence above 49% allowed with approval; scheduled airlines to 49% automatic and 100% with approval; e-commerce marketplaces 100%
2017,All industries,Foreign Investment Promotion Board abolished; approvals move to the ministries
2018,Single-brand retail,100% under the automatic route
2019,"Coal, contract manufacturing, digital media",Coal mining and contract manufacturing 100% automatic; digital news media capped at 26%
2020,Land-border countries,"Press Note 3: investment from any country sharing a land border with India, mainly China, needs government approval"
2020,Defence,Automatic route raised from 49% to 74%
2021,Insurance and telecom,Insurance raised from 49% to 74%; telecom to 100% automatic
2024,Space,Satellites 74% automatic; launch vehicles 49% automatic; components 100% automatic
2025,Insurance,Sabka Bima Sabki Raksha Act allows 100% (passed 17 December 2025)
2026,Land-border countries,Cabinet sets a 60-day deadline for decisions on Press Note 3 applications (10 March 2026)
